City_ID,City,Lat,Lng,Max Temp,Humidity,Cloudiness,Wind Speed,Country,Date
0,Huron,41.1501,-82.5499,40.68,87,100,16.17,US,2023-01-18 03:00:33
1,Dikson,73.5069,80.5464,-12.05,74,100,11.12,RU,2023-01-18 03:00:33
2,Norman Wells,65.282,-126.8329,-11.16,77,20,3.44,CA,2023-01-18 02:58:00
3,Hobart,-42.8794,147.3294,73.06,56,40,14.97,AU,2023-01-18 03:00:34
4,Rikitea,-23.1203,-134.9692,79.12,69,98,5.75,PF,2023-01-18 03:00:35
5,Saskylakh,71.9167,114.0833,-26.46,100,99,7.16,RU,2023-01-18 02:56:45
6,Chalus,36.655,51.4204,46.8,75,24,0.27,IR,2023-01-18 03:00:35
7,Mataura,-46.1927,168.8643,79.29,36,2,2.24,NZ,2023-01-18 03:00:36
8,Kodiak,57.79,-152.4072,31.59,80,99,8.88,US,2023-01-18 03:00:36
9,Taoudenni,22.6783,-3.9836,65.68,20,100,4.14,ML,2023-01-18 02:56:37
10,Evensk,61.95,159.2333,-0.53,73,100,12.57,RU,2023-01-18 03:00:37
11,Vrangel,42.7297,133.0839,16.57,40,0,8.16,RU,2023-01-18 03:00:38
12,Samarai,-10.6167,150.6667,85.71,70,95,10.96,PG,2023-01-18 03:00:38
13,Camapua,-19.5314,-54.0439,70.56,90,100,2.91,BR,2023-01-18 03:00:39
14,Makat,47.6469,53.3463,22.33,64,2,11.81,KZ,2023-01-18 03:00:39
15,Albany,42.6001,-73.9662,33.53,88,100,2.24,US,2023-01-18 02:58:45
16,Leningradskiy,69.3833,178.4167,-26.93,96,93,8.79,RU,2023-01-18 03:00:40
17,Ushuaia,-54.8,-68.3,50.14,89,100,7.02,AR,2023-01-18 03:00:41
18,Bluff,-46.6,168.3333,60.39,72,0,13.02,NZ,2023-01-18 03:00:41
19,Wanaka,-44.7,169.15,78.12,46,26,5.99,NZ,2023-01-18 03:00:36
20,Port Alfred,-33.5906,26.891,74.17,96,100,6.67,ZA,2023-01-18 03:00:42
21,Dwarka,22.2394,68.9678,65.84,48,6,12.33,IN,2023-01-18 02:58:08
22,Faanui,-16.4833,-151.75,81.05,72,37,11.39,PF,2023-01-18 03:00:44
23,Saint-Joseph,-21.3667,55.6167,78.48,80,98,14.7,RE,2023-01-18 03:00:44
24,Cabo San Lucas,22.8909,-109.9124,66.18,79,91,8.81,MX,2023-01-18 03:00:03
25,Luderitz,-26.6481,15.1594,65.35,87,87,3.78,NA,2023-01-18 02:58:03
26,Cape Town,-33.9258,18.4232,74.37,71,0,12.66,ZA,2023-01-18 03:00:00
27,Lasa,46.6166,10.7002,30.02,92,74,1.3,IT,2023-01-18 03:00:46
28,Port Blair,11.6667,92.75,77.04,73,96,2.3,IN,2023-01-18 03:00:37
29,Avarua,-21.2078,-159.775,80.65,69,75,4.61,CK,2023-01-18 02:57:10
30,Saint Marys,30.7305,-81.5465,65.05,56,10,3.0,US,2023-01-18 03:00:13
31,Punta Arenas,-53.15,-70.9167,59.11,58,75,21.85,CL,2023-01-18 02:57:22
32,Nikolskoye,59.7035,30.7861,33.69,97,100,10.69,RU,2023-01-18 03:00:49
33,Constitucion,-35.3333,-72.4167,54.1,89,1,7.09,CL,2023-01-18 03:00:50
34,Upernavik,72.7868,-56.1549,-11.79,95,100,5.97,GL,2023-01-18 03:00:50
35,Mar Del Plata,-38.0023,-57.5575,71.94,94,76,5.99,AR,2023-01-18 03:00:51
36,Enshi,30.3,109.4833,42.15,74,40,0.92,CN,2023-01-18 03:00:51
37,Belaya Gora,68.5333,146.4167,-36.02,100,100,1.9,RU,2023-01-18 03:00:41
38,Haines Junction,60.7522,-137.5108,15.17,97,100,0.89,CA,2023-01-18 03:00:52
39,Severo-Kurilsk,50.6789,156.125,16.25,62,100,22.79,RU,2023-01-18 03:00:53
40,Hilo,19.7297,-155.09,75.94,93,44,1.99,US,2023-01-18 03:00:53
41,New Norfolk,-42.7826,147.0587,72.72,43,45,7.0,AU,2023-01-18 03:00:54
42,Busselton,-33.65,115.3333,73.4,36,59,8.14,AU,2023-01-18 03:00:54
43,Georgetown,5.4112,100.3354,84.13,73,20,6.91,MY,2023-01-18 02:58:19
44,Bengkulu,-3.8004,102.2655,81.54,71,88,2.84,ID,2023-01-18 03:00:55
45,Qaqortoq,60.7167,-46.0333,18.45,71,100,6.87,GL,2023-01-18 03:00:56
46,Vestmannaeyjar,63.4427,-20.2734,21.88,74,0,18.81,IS,2023-01-18 03:01:56
47,Hermanus,-34.4187,19.2345,72.81,89,98,8.72,ZA,2023-01-18 03:01:56
48,Praia Da Vitoria,38.7333,-27.0667,52.75,85,12,11.43,PT,2023-01-18 03:01:57
49,Cherskiy,68.75,161.3,-48.68,99,68,4.18,RU,2023-01-18 03:01:57
50,Grajau,-5.8194,-46.1386,71.65,95,100,0.54,BR,2023-01-18 03:01:58
51,Vaini,-21.2,-175.2,81.59,72,56,9.8,TO,2023-01-18 03:01:59
52,Itaituba,-4.2761,-55.9836,71.53,100,100,2.1,BR,2023-01-18 02:59:47
53,Kuching,1.55,110.3333,83.25,83,40,2.3,MY,2023-01-18 03:01:59
54,Hay River,60.8156,-115.7999,17.58,86,75,5.75,CA,2023-01-18 02:58:01
55,Armidale,-30.5167,151.65,84.54,24,0,4.18,AU,2023-01-18 02:59:38
56,Airai,-8.9266,125.4092,72.93,66,100,3.18,TL,2023-01-18 03:02:00
57,Puerto Ayora,-0.7393,-90.3518,75.54,97,58,1.99,EC,2023-01-18 03:02:01
58,San Ramon,37.7799,-121.978,50.36,80,0,2.15,US,2023-01-18 03:00:48
59,Auki,-8.7676,160.7034,82.98,78,96,11.41,SB,2023-01-18 03:02:01
60,Carnarvon,-24.8667,113.6333,89.47,50,29,10.38,AU,2023-01-18 03:02:02
61,Lorengau,-2.0226,147.2712,84.06,67,86,3.11,PG,2023-01-18 03:01:24
62,Farkhor,37.4922,69.4036,15.13,76,71,2.68,TJ,2023-01-18 03:02:03
63,Morgan City,29.6994,-91.2068,70.0,94,100,6.91,US,2023-01-18 03:02:04
64,Yaan,7.3833,8.5667,74.16,23,16,4.61,NG,2023-01-18 03:02:04
65,Phalombe,-15.8064,35.6507,66.72,96,99,0.87,MW,2023-01-18 03:02:05
66,Barcelona,41.3888,2.159,47.86,58,0,17.27,ES,2023-01-18 03:02:05
67,Sechura,-5.5569,-80.8222,72.09,69,74,9.48,PE,2023-01-18 03:02:06
68,Wonthaggi,-38.6044,145.5913,61.83,84,100,15.73,AU,2023-01-18 03:02:06
69,Saldanha,-33.0117,17.9442,64.15,94,97,10.4,ZA,2023-01-18 03:02:07
70,Sinjai,-5.1241,120.253,87.08,63,71,5.84,ID,2023-01-18 03:02:07
71,Portland,45.5234,-122.6762,47.8,86,100,5.99,US,2023-01-18 02:57:30
72,Demyansk,57.643,32.466,34.84,94,100,12.68,RU,2023-01-18 03:02:08
73,Marzuq,14.4,46.4667,59.23,56,8,2.62,YE,2023-01-18 03:02:09
74,Aripuana,-9.1667,-60.6333,70.66,99,100,1.97,BR,2023-01-18 03:02:09
75,Bubaque,11.2833,-15.8333,78.06,58,100,6.51,GW,2023-01-18 03:02:10
76,Colesberg,-30.72,25.0972,73.51,36,79,3.65,ZA,2023-01-18 03:02:10
77,Teya,60.3778,92.6267,-44.36,100,51,2.66,RU,2023-01-18 03:02:11
78,Butaritari,3.0707,172.7902,81.37,79,50,17.98,KI,2023-01-18 03:02:12
79,Barrow,71.2906,-156.7887,-7.58,84,100,19.57,US,2023-01-18 03:02:12
80,Goderich,43.7501,-81.7165,38.91,98,100,17.65,CA,2023-01-18 03:00:09
81,Camacha,33.0833,-16.3333,56.62,67,40,19.57,PT,2023-01-18 03:02:13
82,Atuona,-9.8,-139.0333,78.94,77,17,18.25,PF,2023-01-18 03:02:14
83,Mount Gambier,-37.8333,140.7667,65.08,46,85,13.8,AU,2023-01-18 03:02:15
84,Klaksvik,62.2266,-6.589,34.72,64,100,31.14,FO,2023-01-18 03:02:15
85,Thompson,55.7435,-97.8558,-1.48,99,100,2.64,CA,2023-01-18 03:00:14
86,Broken Hill,-31.95,141.4333,87.22,39,52,20.54,AU,2023-01-18 03:02:16
87,Tecoanapa,16.5167,-98.75,76.75,83,22,5.86,MX,2023-01-18 03:02:16
88,Inhambupe,-11.7844,-38.3531,70.34,95,100,4.72,BR,2023-01-18 03:02:17
89,Yellowknife,62.456,-114.3525,10.92,92,100,6.91,CA,2023-01-18 02:58:15
90,Victoria,22.2855,114.1577,60.24,67,100,11.99,HK,2023-01-18 03:00:03
91,Maunabo,18.0072,-65.8993,74.7,86,4,9.95,PR,2023-01-18 03:02:18
92,Miri,4.4148,114.0089,84.56,64,62,2.84,MY,2023-01-18 03:02:19
93,Saint-Philippe,-21.3585,55.7679,78.39,85,100,14.56,RE,2023-01-18 03:03:20
94,Jamestown,42.097,-79.2353,40.01,72,100,14.97,US,2023-01-18 02:58:27
95,Nioro,13.35,-15.75,77.58,14,100,8.43,GM,2023-01-18 03:03:21
96,Acarau,-2.8856,-40.12,78.37,80,78,12.53,BR,2023-01-18 03:03:21
97,Chapais,49.7834,-74.8492,14.09,96,100,2.68,CA,2023-01-18 03:03:23
98,Kavieng,-2.5744,150.7967,81.05,73,100,5.3,PG,2023-01-18 03:03:24
99,Kargasok,59.0556,80.8572,1.83,97,100,8.46,RU,2023-01-18 03:03:25
100,Castro,-24.7911,-50.0119,64.6,99,100,3.02,BR,2023-01-18 03:01:48
101,Bredasdorp,-34.5322,20.0403,70.81,90,100,2.3,ZA,2023-01-18 03:03:26
102,Rovnoye,50.7765,46.0509,20.62,94,98,5.08,RU,2023-01-18 03:03:26
103,Chuy,-33.6971,-53.4616,68.34,81,0,7.9,UY,2023-01-18 03:03:27
104,Esperance,-33.8667,121.9,64.94,50,92,15.23,AU,2023-01-18 03:03:28
105,Srandakan,-7.9386,110.2506,80.83,78,100,5.46,ID,2023-01-18 03:03:28
106,Pec,42.6591,20.2883,46.49,99,100,8.1,XK,2023-01-18 03:03:29
107,Hobyo,5.3505,48.5268,75.54,76,52,14.12,SO,2023-01-18 03:03:29
108,Nouadhibou,20.931,-17.0347,65.55,67,99,16.67,MR,2023-01-18 03:03:31
109,Tura,25.5198,90.2201,62.6,39,0,1.41,IN,2023-01-18 03:03:31
110,Cayenne,4.9333,-52.3333,73.44,100,100,0.0,GF,2023-01-18 03:01:41
111,Oliver,49.1831,-119.5524,32.88,95,87,2.71,CA,2023-01-18 03:03:32
112,Tiznit,29.5833,-9.5,50.83,80,65,9.28,MA,2023-01-18 03:03:33
113,Tuy Hoa,13.0833,109.3,72.27,85,100,15.1,VN,2023-01-18 03:03:34
114,Yulara,-25.2406,130.9889,95.16,29,8,17.4,AU,2023-01-18 03:03:34
115,Petropavlovka,50.6114,105.3196,6.89,93,100,0.87,RU,2023-01-18 03:03:35
116,Longyearbyen,78.2186,15.6401,12.04,67,0,13.8,SJ,2023-01-18 03:03:35
117,Narsaq,60.9167,-46.05,12.42,71,100,6.58,GL,2023-01-18 03:03:17
118,Heihe,50.2441,127.4902,-25.02,98,100,6.11,CN,2023-01-18 03:03:36
119,Lamu,-2.2717,40.902,73.62,80,99,10.4,KE,2023-01-18 03:03:37
120,Halifax,44.6453,-63.5724,36.5,96,100,8.99,CA,2023-01-18 03:02:37
121,Souillac,-20.5167,57.5167,78.01,83,92,18.66,MU,2023-01-18 03:03:37
122,Myitkyina,25.3833,97.4,66.13,41,0,2.35,MM,2023-01-18 03:03:38
123,Sioux Lookout,50.1001,-91.917,2.3,99,90,3.85,CA,2023-01-18 03:00:13
124,Santa Maria,-29.6842,-53.8069,72.82,77,0,11.59,BR,2023-01-18 03:03:39
125,Bambous Virieux,-20.3428,57.7575,80.22,83,88,19.82,MU,2023-01-18 03:03:39
126,Caravelas,-17.7125,-39.2481,74.14,90,9,3.44,BR,2023-01-18 03:03:40
127,Bonthe,7.5264,-12.505,74.39,85,8,3.15,SL,2023-01-18 03:03:41
128,Latung,5.5,120.8833,80.6,74,81,5.44,PH,2023-01-18 03:03:41
129,Chokurdakh,70.6333,147.9167,-36.27,100,40,4.23,RU,2023-01-18 03:03:42
130,Bundaberg,-24.85,152.35,84.22,61,66,5.99,AU,2023-01-18 03:03:42
131,Kinshasa,-4.3246,15.3215,70.09,90,100,0.98,CD,2023-01-18 03:03:43
132,Hammerfest,70.6634,23.6821,32.45,64,72,4.61,NO,2023-01-18 02:59:46
133,Kapaa,22.0752,-159.319,80.92,72,0,9.22,US,2023-01-18 03:03:44
134,Qaanaaq,77.484,-69.3632,-19.17,87,90,5.99,GL,2023-01-18 03:03:45
135,Hokitika,-42.7167,170.9667,68.99,68,14,7.81,NZ,2023-01-18 03:03:46
136,Khatanga,71.9667,102.5,-36.54,100,42,5.44,RU,2023-01-18 03:03:46
137,Krasnoarmeysk,51.0239,45.6969,11.21,99,90,5.23,RU,2023-01-18 03:03:47
138,Hoogstraten,51.4021,4.7618,32.79,78,76,5.01,BE,2023-01-18 03:03:47
139,Guangyuan,32.442,105.823,41.22,32,63,2.98,CN,2023-01-18 03:03:48
140,Pirgos,35.1167,25.7178,62.62,65,75,16.51,GR,2023-01-18 03:03:48
141,Eyl,7.9803,49.8164,72.1,77,48,13.33,SO,2023-01-18 03:04:49
142,Bethel,41.3712,-73.414,43.48,56,100,3.44,US,2023-01-18 03:04:12
143,Clyde River,70.4692,-68.5914,-21.87,100,95,6.17,CA,2023-01-18 03:04:49
144,Baykit,61.67,96.37,-45.36,99,31,2.24,RU,2023-01-18 03:04:50
145,Rapid Valley,44.0625,-103.1463,32.63,97,100,6.91,US,2023-01-18 03:04:50
146,Egvekinot,66.3167,-179.1667,-21.69,85,12,12.26,RU,2023-01-18 03:04:51
147,Forrest City,35.0081,-90.7898,58.62,94,98,7.11,US,2023-01-18 03:04:51
148,Ancud,-41.8697,-73.8203,53.44,91,97,2.46,CL,2023-01-18 03:04:51
149,Teeli,51.0333,90.2333,6.1,73,57,6.06,RU,2023-01-18 03:04:52
150,Gaoua,10.2992,-3.2508,70.34,20,3,4.92,BF,2023-01-18 03:02:24
151,Arraial Do Cabo,-22.9661,-42.0278,73.76,93,0,17.13,BR,2023-01-18 03:04:52
152,Zatyshshya,47.3335,29.8733,46.04,94,96,20.49,UA,2023-01-18 03:04:53
153,Tiksi,71.6872,128.8694,-21.95,100,100,5.41,RU,2023-01-18 03:04:53
154,Laguna,38.421,-121.4238,48.31,82,0,5.75,US,2023-01-18 03:04:54
155,Mahebourg,-20.4081,57.7,80.26,83,83,20.07,MU,2023-01-18 03:04:54
156,Luangwa,-15.6167,30.4167,69.71,97,99,1.7,ZM,2023-01-18 03:04:54
157,Tuktoyaktuk,69.4541,-133.0374,-11.43,98,92,7.72,CA,2023-01-18 03:03:27
158,Iskateley,67.6803,53.1512,20.1,94,99,15.19,RU,2023-01-18 03:04:55
159,Tarakan,3.3,117.6333,80.42,77,100,1.57,ID,2023-01-18 03:04:56
160,Kodinsk,58.6881,99.1844,-42.32,99,23,3.24,RU,2023-01-18 03:04:56
161,Oussouye,12.485,-16.5469,74.1,27,73,7.47,SN,2023-01-18 03:04:57
162,Hirara,24.8,125.2833,65.77,71,100,18.59,JP,2023-01-18 03:04:57
163,Ravar,31.2656,56.8055,36.52,99,100,4.21,IR,2023-01-18 03:04:57
164,Nome,64.5011,-165.4064,-9.33,70,40,8.05,US,2023-01-18 03:04:58
165,Kirakira,-10.4544,161.9205,81.97,82,100,11.61,SB,2023-01-18 03:04:58
166,Bantry,51.6833,-9.45,37.78,83,76,11.41,IE,2023-01-18 03:04:59
167,Arlit,18.7369,7.3853,56.5,23,1,5.1,NE,2023-01-18 03:04:59
168,Dali,25.7,100.1833,50.97,45,1,3.76,CN,2023-01-18 03:05:00
169,Abengourou,6.7297,-3.4964,68.45,98,12,2.17,CI,2023-01-18 03:01:20
170,Werda,-25.2667,23.2833,73.63,54,10,8.9,BW,2023-01-18 03:05:00
171,Savinskiy,62.9342,40.1361,11.91,97,91,4.83,RU,2023-01-18 03:05:01
172,Nelson Bay,-32.7167,152.15,89.65,67,3,24.0,AU,2023-01-18 03:05:02
173,Takoradi,4.8845,-1.7554,78.66,85,63,5.14,GH,2023-01-18 03:05:05
174,Hithadhoo,-0.6,73.0833,80.67,66,2,3.96,MV,2023-01-18 03:05:06
175,Westport,41.1415,-73.3579,45.55,71,95,6.11,US,2023-01-18 03:00:14
176,Jibuti,11.5,42.5,65.64,82,24,7.27,DJ,2023-01-18 03:05:10
177,Pevek,69.7008,170.3133,-36.99,100,60,4.27,RU,2023-01-18 03:05:10
178,Tasiilaq,65.6145,-37.6368,12.36,72,68,9.48,GL,2023-01-18 03:05:11
179,Kamenka,51.3223,42.7678,22.68,93,99,14.5,RU,2023-01-18 03:05:12
180,San Marcos,33.1434,-117.1661,51.62,83,0,3.0,US,2023-01-18 03:05:12
181,Bathsheba,13.2167,-59.5167,75.9,70,63,12.48,BB,2023-01-18 03:01:09
182,High Prairie,55.4334,-116.4858,15.58,96,39,5.01,CA,2023-01-18 03:00:56
183,Fortuna,40.5982,-124.1573,47.66,90,100,0.0,US,2023-01-18 03:05:13
184,Lebu,-37.6167,-73.65,54.99,92,10,9.89,CL,2023-01-18 03:03:14
185,Aykhal,66.0,111.5,-46.23,100,99,7.23,RU,2023-01-18 03:05:14
186,Coquimbo,-29.9533,-71.3436,62.33,82,0,2.3,CL,2023-01-18 03:03:41
187,Faya,18.3851,42.4509,50.52,86,66,5.06,SA,2023-01-18 03:06:15
188,Baruun-Urt,46.6806,113.2792,3.58,81,91,4.45,MN,2023-01-18 03:06:16
189,Sampit,-2.5333,112.95,81.12,80,100,3.0,ID,2023-01-18 03:06:16
190,Paamiut,61.994,-49.6678,19.24,69,100,8.59,GL,2023-01-18 03:06:17
191,Sitka,57.0531,-135.33,40.89,75,100,14.97,US,2023-01-18 03:06:17
192,Atar,20.5169,-13.0499,67.05,17,92,7.25,MR,2023-01-18 03:02:24
193,Vidim,56.4088,103.1106,-16.46,95,100,7.0,RU,2023-01-18 03:06:18
194,Norwalk,33.9022,-118.0817,56.3,71,0,3.44,US,2023-01-18 03:05:09
195,Okhotsk,59.3833,143.3,-12.71,96,100,10.49,RU,2023-01-18 03:06:18
196,Inhambane,-23.865,35.3833,78.44,81,35,6.31,MZ,2023-01-18 03:06:19
197,Jiwani,25.05,61.7417,68.67,68,0,8.12,PK,2023-01-18 03:06:19
198,Ribeira Grande,38.5167,-28.7,56.77,84,36,8.01,PT,2023-01-18 03:06:20
199,Ilulissat,69.2167,-51.1,-26.1,83,90,5.66,GL,2023-01-18 03:06:21
200,Dombarovskiy,50.7587,59.5386,-7.67,74,5,4.85,RU,2023-01-18 03:06:21
201,Salme,28.0369,85.0942,41.29,16,0,2.51,NP,2023-01-18 03:06:22
202,Vila Franca Do Campo,37.7167,-25.4333,54.01,77,19,8.79,PT,2023-01-18 03:06:22
203,Sisimiut,66.9395,-53.6735,-6.38,83,27,11.14,GL,2023-01-18 03:06:23
204,Freeport,40.6576,-73.5832,46.38,63,100,11.5,US,2023-01-18 03:06:24
205,Saint George,37.1041,-113.5841,41.43,80,100,8.05,US,2023-01-18 03:04:57
206,Guerrero Negro,27.9769,-114.0611,58.62,59,33,16.93,MX,2023-01-18 03:03:52
207,Nhulunbuy,-12.2333,136.7667,88.41,70,75,10.36,AU,2023-01-18 03:06:25
208,Oktyabrskoye,43.0645,44.7417,24.94,93,100,2.24,RU,2023-01-18 03:06:27
209,Quimper,48.0,-4.1,37.96,75,12,4.61,FR,2023-01-18 03:06:28
210,Uniontown,39.9001,-79.7164,53.94,50,57,1.99,US,2023-01-18 03:06:28
211,Suzhou,31.3114,120.6181,41.36,48,2,9.35,CN,2023-01-18 03:06:29
212,Codrington,-38.2667,141.9667,62.51,53,100,20.18,AU,2023-01-18 03:02:02
213,Padang,-0.9492,100.3543,82.45,75,80,2.77,ID,2023-01-18 03:06:29
214,Hamilton,39.1834,-84.5333,44.73,83,0,13.8,US,2023-01-18 03:04:25
215,Bognor Regis,50.7821,-0.6798,31.98,76,3,11.65,GB,2023-01-18 03:06:30
216,Gimli,50.6336,-96.9907,6.66,98,100,6.67,CA,2023-01-18 03:06:30
217,Margate,51.3813,1.3862,28.87,79,8,16.89,GB,2023-01-18 03:06:31
218,Iqaluit,63.7506,-68.5145,-9.31,69,100,0.0,CA,2023-01-18 03:06:31
219,Itaueira,-7.6033,-43.0256,76.14,61,96,3.02,BR,2023-01-18 03:06:32
220,Abu Kamal,34.4506,40.9171,49.17,77,5,7.36,SY,2023-01-18 03:06:32
221,Mareeba,-17.0,145.4333,77.43,94,99,1.34,AU,2023-01-18 03:06:33
222,Camana,-16.6228,-72.7111,72.01,80,70,6.67,PE,2023-01-18 03:06:33
223,Geraldton,-28.7667,114.6,95.41,26,0,23.02,AU,2023-01-18 03:02:42
224,San Quintin,30.4833,-115.95,55.33,66,8,13.15,MX,2023-01-18 03:06:34
225,Ambilobe,-13.2,49.05,72.07,93,66,2.26,MG,2023-01-18 03:06:34
226,Zharkent,44.1628,80.0,2.71,80,3,3.24,KZ,2023-01-18 03:06:35
227,Westerland,54.9079,8.3033,37.42,87,75,16.11,DE,2023-01-18 03:06:35
228,Ozerna,49.6289,25.329,39.78,87,100,16.31,UA,2023-01-18 03:06:36
229,Torbay,47.6666,-52.7314,48.27,97,100,13.8,CA,2023-01-18 03:03:20
230,Nesbyen,60.5681,9.1027,30.0,99,100,3.38,NO,2023-01-18 03:06:36
231,Fiche,9.8,38.7333,43.99,33,33,2.66,ET,2023-01-18 03:06:37
232,Cockburn Town,21.4612,-71.1419,75.61,59,3,14.99,TC,2023-01-18 03:06:37
233,Sao Filipe,14.8961,-24.4956,76.84,57,49,10.09,CV,2023-01-18 03:06:38
234,Yar-Sale,66.8333,70.8333,8.46,96,100,6.89,RU,2023-01-18 03:07:38
235,Amalapuram,16.5833,82.0167,72.88,72,4,1.43,IN,2023-01-18 03:07:38
236,Kununurra,-15.7667,128.7333,89.58,66,40,8.05,AU,2023-01-18 03:07:39
237,Jipijapa,-1.3333,-80.5833,72.9,74,100,4.03,EC,2023-01-18 03:07:39
238,Pontianak,-0.0333,109.3333,82.38,78,40,6.91,ID,2023-01-18 03:07:40
239,Galle,6.0367,80.217,76.86,80,78,4.83,LK,2023-01-18 03:07:32
240,Kutum,14.2,24.6667,54.5,34,100,4.23,SD,2023-01-18 03:07:40
241,Camargo,27.6667,-105.1667,58.62,27,77,14.34,MX,2023-01-18 03:07:41
242,Vao,-22.6667,167.4833,75.78,69,100,17.07,NC,2023-01-18 03:07:41
243,Deputatskiy,69.3,139.9,-34.55,100,95,1.66,RU,2023-01-18 03:07:42
244,Katsuura,35.1333,140.3,50.95,63,92,8.43,JP,2023-01-18 03:07:42
245,Sao Jose Da Coroa Grande,-8.8978,-35.1478,77.36,83,100,8.72,BR,2023-01-18 03:06:08
246,Talnakh,69.4865,88.3972,-31.54,87,41,7.49,RU,2023-01-18 03:07:43
247,Beringovskiy,63.05,179.3167,-17.48,88,83,13.78,RU,2023-01-18 03:07:43
248,Segovia,41.1667,-4.0,31.42,90,97,17.43,ES,2023-01-18 03:07:44
249,Idanre,7.1127,5.1159,66.36,77,24,0.72,NG,2023-01-18 03:07:44
250,Vila Velha,-20.3297,-40.2925,75.15,96,40,3.44,BR,2023-01-18 03:07:45
251,San Patricio,28.017,-97.5169,71.47,86,96,10.27,US,2023-01-18 03:04:46
252,Colac,-38.3333,143.5833,62.17,67,100,11.56,AU,2023-01-18 03:07:45
253,Oron,4.8256,8.2343,77.7,86,100,4.05,NG,2023-01-18 03:07:46
254,Rio Cuarto,-33.1307,-64.3499,71.37,64,100,17.27,AR,2023-01-18 03:07:46
255,Miracema Do Tocantins,-9.5618,-48.3967,72.86,85,100,0.47,BR,2023-01-18 03:07:47
256,Singkang,2.1006,102.7994,81.86,68,95,7.67,MY,2023-01-18 03:07:47
257,Hojo,33.9766,132.7777,52.14,63,67,4.7,JP,2023-01-18 03:07:48
258,Sebinkarahisar,40.2883,38.4236,29.07,83,39,4.34,TR,2023-01-18 03:07:48
259,Olafsvik,64.8945,-23.7142,23.86,70,90,12.46,IS,2023-01-18 03:07:48
260,Florencia,43.7667,11.25,48.72,84,40,2.3,IT,2023-01-18 03:07:49
261,Shingu,33.7333,135.9833,54.48,47,88,2.39,JP,2023-01-18 03:07:49
262,Flinders,-34.5833,150.8552,87.26,63,44,8.01,AU,2023-01-18 03:07:50
263,Farah,32.5,62.5,37.65,59,100,1.74,AF,2023-01-18 03:07:50
264,Moranbah,-22.0016,148.0466,81.97,56,73,20.47,AU,2023-01-18 03:07:51
265,Kruisfontein,-34.0033,24.7314,70.88,77,100,4.59,ZA,2023-01-18 03:06:33
266,Los Llanos De Aridane,28.6585,-17.9182,58.75,77,100,8.05,ES,2023-01-18 03:07:51
267,Bowen,-20.0167,148.2333,78.69,75,100,20.58,AU,2023-01-18 03:07:52
268,High Level,58.5169,-117.136,5.99,100,99,4.32,CA,2023-01-18 03:07:52
269,Te Anau,-45.4167,167.7167,77.5,38,9,3.76,NZ,2023-01-18 03:07:53
270,Northam,51.0333,-4.2167,39.61,81,9,17.9,GB,2023-01-18 03:07:53
271,Namibe,-15.1961,12.1522,73.42,76,97,6.29,AO,2023-01-18 03:07:54
272,Ural,55.9078,94.7464,-25.71,99,86,1.79,RU,2023-01-18 03:07:54
273,Alice Springs,-23.7,133.8833,94.55,31,75,8.05,AU,2023-01-18 03:07:55
274,Fairbanks,64.8378,-147.7164,-5.91,81,20,4.61,US,2023-01-18 03:05:00
275,Sabha,27.0377,14.4283,51.82,36,0,11.25,LY,2023-01-18 03:07:55
276,Suntar,62.1444,117.6319,-58.86,98,95,1.7,RU,2023-01-18 03:07:56
277,Husavik,66.0449,-17.3389,24.4,81,100,14.63,IS,2023-01-18 03:07:57
278,Mega,4.05,38.3,57.58,40,12,7.23,ET,2023-01-18 03:07:57
279,Port Elizabeth,-33.918,25.5701,74.32,97,40,9.22,ZA,2023-01-18 03:08:58
280,Carhuamayo,-10.9167,-76.0333,36.9,85,95,1.61,PE,2023-01-18 03:08:58
281,Fukue,32.6881,128.8419,46.36,60,93,21.74,JP,2023-01-18 03:08:59
282,Ponta Delgada,37.7333,-25.6667,54.32,71,40,13.8,PT,2023-01-18 03:08:59
283,Biak,-0.9131,122.8766,80.13,76,100,1.05,ID,2023-01-18 03:09:00
284,Totness,5.8833,-56.3167,74.5,82,94,7.14,SR,2023-01-18 03:09:00
285,Broome,42.2506,-75.833,40.53,89,100,3.44,US,2023-01-18 03:09:00
286,Madison,34.7334,-86.5667,59.38,94,0,8.99,US,2023-01-18 03:05:19
287,Lata,40.1629,-8.3327,47.07,80,100,14.23,PT,2023-01-18 03:09:01
288,Rocha,-34.4833,-54.3333,64.2,93,0,5.5,UY,2023-01-18 03:08:00
289,Miranda De Ebro,42.6865,-2.947,37.98,85,82,8.03,ES,2023-01-18 03:09:02
290,Makurdi,7.7411,8.5121,74.53,22,3,4.88,NG,2023-01-18 03:09:03
291,San Carlos De Bariloche,-41.1456,-71.3082,57.24,54,34,4.65,AR,2023-01-18 03:09:03
292,Saint-Pierre,-21.3393,55.4781,80.91,69,0,24.16,RE,2023-01-18 03:09:04
293,Touros,-5.1989,-35.4608,78.64,79,99,11.83,BR,2023-01-18 03:06:43
294,Aden,12.7794,45.0367,75.56,72,41,7.85,YE,2023-01-18 03:09:05
295,Harper,4.375,-7.7169,78.1,83,57,5.17,LR,2023-01-18 03:09:06
296,Port-Gentil,-0.7193,8.7815,80.65,77,100,6.6,GA,2023-01-18 03:09:07
297,Half Moon Bay,37.4636,-122.4286,52.3,83,20,9.22,US,2023-01-18 03:09:07
298,Keita,14.7551,5.7749,60.58,24,30,8.05,NE,2023-01-18 03:09:08
299,Aberystwyth,52.4155,-4.0829,39.76,74,84,19.93,GB,2023-01-18 03:09:09
300,Roald,62.5833,6.1333,38.75,86,40,5.75,NO,2023-01-18 03:09:05
301,Merauke,-8.4667,140.3333,85.55,69,100,13.53,ID,2023-01-18 03:09:10
302,Gobabis,-22.45,18.9667,69.22,61,94,4.47,NA,2023-01-18 03:09:10
303,Celestun,20.8667,-90.4,72.7,74,33,10.85,MX,2023-01-18 03:09:11
304,Kaitangata,-46.2817,169.8464,63.99,64,3,8.19,NZ,2023-01-18 03:09:12
305,Thinadhoo,0.5333,72.9333,80.8,65,75,4.68,MV,2023-01-18 03:04:58
306,Visnes,59.3556,5.2242,36.82,80,100,5.75,NO,2023-01-18 03:09:13
307,Waipawa,-41.4122,175.5153,66.69,61,15,11.18,NZ,2023-01-18 03:09:13
308,Turgoyak,55.15,60.1183,9.21,81,60,3.85,RU,2023-01-18 03:09:14
309,Escanaba,45.7453,-87.0646,34.11,89,100,11.5,US,2023-01-18 03:09:15
310,Noyabrsk,63.1994,75.4507,6.3,96,100,8.19,RU,2023-01-18 03:09:15
311,Sikonge,-5.6333,32.7667,61.18,97,75,3.27,TZ,2023-01-18 03:09:16
312,Taltal,-25.4,-70.4833,68.76,76,0,2.82,CL,2023-01-18 03:09:16
313,Belyy Yar,53.6039,91.3903,10.29,76,75,11.18,RU,2023-01-18 03:09:17
314,Contai,21.7786,87.7536,68.74,55,26,8.68,IN,2023-01-18 03:09:17
315,Camopi,3.1655,-52.3158,70.02,99,100,1.83,GF,2023-01-18 03:09:18
316,Provideniya,64.3833,-173.3,-5.69,65,0,13.42,RU,2023-01-18 03:09:19
317,Jalu,29.0331,21.5482,54.14,53,0,10.2,LY,2023-01-18 03:09:19
318,Mitsamiouli,-11.3847,43.2844,80.65,75,100,6.29,KM,2023-01-18 03:07:30
319,Tessalit,20.1986,1.0114,61.66,16,39,7.4,ML,2023-01-18 03:09:20
320,Severo-Yeniseyskiy,60.3725,93.0408,-43.96,99,45,3.13,RU,2023-01-18 03:09:21
321,Arica,-18.475,-70.3042,72.95,73,0,4.61,CL,2023-01-18 03:05:13
322,Richards Bay,-28.783,32.0377,74.62,82,98,10.94,ZA,2023-01-18 03:09:07
323,Lompoc,34.6391,-120.4579,50.77,88,0,6.91,US,2023-01-18 03:05:52
324,Chagoda,59.164,35.3285,31.12,95,100,11.79,RU,2023-01-18 03:09:22
325,Mazagao,-0.115,-51.2894,77.05,96,100,3.74,BR,2023-01-18 03:09:23
326,Kelheim,48.9167,11.8667,31.84,94,100,4.14,DE,2023-01-18 03:09:23
327,Leshukonskoye,64.8989,45.7622,10.87,96,83,6.24,RU,2023-01-18 03:10:24
328,Nayoro,44.3506,142.4578,23.7,92,100,8.32,JP,2023-01-18 03:10:24
329,Gazanjyk,39.2446,55.5154,26.28,70,0,9.91,TM,2023-01-18 03:10:24
330,Puerto Colombia,10.9878,-74.9547,78.89,83,3,24.09,CO,2023-01-18 03:10:25
331,Nouakchott,18.0858,-15.9785,69.73,29,100,13.35,MR,2023-01-18 03:10:25
332,Kabanjahe,3.1001,98.4908,69.44,58,100,3.29,ID,2023-01-18 03:10:26
333,Lavrentiya,65.5833,-171.0,-21.87,92,12,9.82,RU,2023-01-18 03:10:26
334,Vardo,70.3705,31.1107,24.78,86,9,25.32,NO,2023-01-18 03:10:27
335,Noumea,-22.2763,166.4572,84.99,99,100,14.79,NC,2023-01-18 03:10:27
336,Fergus Falls,46.283,-96.0776,17.17,89,100,9.22,US,2023-01-18 03:10:27
337,Ciudad Bolivar,8.1222,-63.5497,77.97,62,90,11.74,VE,2023-01-18 03:10:28
338,Grindavik,63.8424,-22.4338,19.87,73,40,2.3,IS,2023-01-18 03:10:28
339,Sorland,67.667,12.6934,37.26,65,100,20.83,NO,2023-01-18 03:10:29
340,Gilsdorf,49.8669,6.1825,30.69,89,100,6.4,LU,2023-01-18 03:10:29
341,Tromso,69.6496,18.957,26.62,86,87,1.14,NO,2023-01-18 03:10:30
342,Awbari,26.5921,12.7805,51.57,26,0,7.11,LY,2023-01-18 03:10:30
343,Watsa,3.0372,29.5355,63.68,56,94,1.99,CD,2023-01-18 03:10:30
344,Aksarka,66.5606,67.7975,5.0,96,98,5.3,RU,2023-01-18 03:10:31
345,Libreville,0.3925,9.4537,78.8,81,100,5.01,GA,2023-01-18 03:10:32
346,Golfito,8.639,-83.166,72.88,94,86,1.79,CR,2023-01-18 03:10:32
347,Romitan,39.9343,64.3814,10.35,79,12,2.3,UZ,2023-01-18 03:10:33
348,San Vicente,-26.6167,-54.1333,69.42,79,2,2.62,AR,2023-01-18 03:10:33
349,Nampula,-15.1165,39.2666,68.09,98,89,1.48,MZ,2023-01-18 03:10:33
350,Hudiksvall,61.729,17.1036,34.0,99,100,12.77,SE,2023-01-18 03:10:36
351,Ambon,-3.6954,128.1814,86.14,70,20,3.44,ID,2023-01-18 03:10:36
352,Ahipara,-35.1667,173.1667,70.3,67,12,11.32,NZ,2023-01-18 03:10:37
353,Tambun,-6.2641,107.0712,88.92,70,20,5.75,ID,2023-01-18 03:10:37
354,Lincoln,40.8,-96.667,34.99,82,0,11.01,US,2023-01-18 03:07:26
355,Port Hedland,-20.3167,118.5667,82.45,83,80,9.22,AU,2023-01-18 03:10:38
356,Ikwiriri,-7.9562,38.9716,71.56,97,100,2.19,TZ,2023-01-18 03:10:38
357,Erzin,36.9559,36.2,50.65,82,62,2.71,TR,2023-01-18 03:10:39
358,Placido De Castro,-10.3353,-67.1856,73.81,84,82,2.01,BR,2023-01-18 03:10:39
359,Conceicao Do Almeida,-12.7794,-39.17,69.4,97,100,3.02,BR,2023-01-18 03:10:40
360,Nigel,-26.4314,28.4771,64.38,94,76,7.16,ZA,2023-01-18 03:05:48
361,Sayyan,15.1718,44.3244,51.01,42,43,2.82,YE,2023-01-18 03:10:40
362,Nabire,-3.3667,135.4833,86.07,63,94,5.3,ID,2023-01-18 03:10:41
363,Asau,46.4333,26.4,40.28,79,93,6.38,RO,2023-01-18 03:10:41
364,Bentiu,9.2333,29.8333,68.99,23,100,4.85,SS,2023-01-18 03:10:42
365,Mayskiy,47.6931,40.1025,31.41,93,100,12.73,RU,2023-01-18 03:10:42
366,Omsukchan,62.5333,155.8,-25.58,94,100,6.26,RU,2023-01-18 03:10:42
367,Talaya,61.3833,152.75,-26.73,95,100,4.92,RU,2023-01-18 03:10:43
368,Poros,37.4994,23.4536,62.85,72,76,23.42,GR,2023-01-18 03:10:43
369,Ponta Do Sol,32.6667,-17.1,61.72,77,90,8.3,PT,2023-01-18 03:10:44
370,Lagos,6.5833,3.75,71.85,89,100,2.17,NG,2023-01-18 03:10:00
371,Morehead,37.2711,-87.1764,49.98,88,0,0.0,US,2023-01-18 03:10:44
372,Maceio,-9.6658,-35.7353,76.44,88,20,2.3,BR,2023-01-18 03:10:28
373,Malkangiri,18.35,81.9,70.25,59,0,1.25,IN,2023-01-18 03:11:45
374,Dong Xoai,11.5333,106.9167,80.1,53,55,7.85,VN,2023-01-18 03:11:45
375,Ostrovnoy,68.0531,39.5131,22.1,90,8,23.13,RU,2023-01-18 03:11:46
376,Sompeta,18.9333,84.6,74.17,69,0,0.27,IN,2023-01-18 03:11:47
377,Oeiras Do Para,-2.0031,-49.8544,73.08,97,100,3.27,BR,2023-01-18 03:11:47
378,La Ronge,55.1001,-105.2842,8.51,97,83,5.28,CA,2023-01-18 03:11:47
379,Coahuayana,18.7333,-103.6833,66.4,82,81,2.13,MX,2023-01-18 03:11:48
380,Edmundston,47.3737,-68.3251,28.74,93,100,5.75,CA,2023-01-18 03:11:48
381,Sibolga,1.7427,98.7792,83.3,52,93,1.14,ID,2023-01-18 03:11:49
382,Kovur,14.4833,79.9833,72.12,72,2,3.29,IN,2023-01-18 03:11:49
383,East London,-33.0153,27.9116,75.43,92,92,7.23,ZA,2023-01-18 03:11:50
384,Hit,33.6416,42.8251,50.0,72,0,11.68,IQ,2023-01-18 03:11:51
385,Hasaki,35.7333,140.8333,54.28,66,95,9.86,JP,2023-01-18 03:11:51
386,Dunedin,-45.8742,170.5036,61.81,72,34,3.0,NZ,2023-01-18 03:10:21
387,Sept-Iles,50.2001,-66.3821,32.05,92,100,5.1,CA,2023-01-18 03:11:53
388,Brae,60.3964,-1.353,39.9,65,91,21.83,GB,2023-01-18 03:11:53
389,Tyrma,50.0833,132.1667,-14.89,85,77,1.45,RU,2023-01-18 03:11:54
390,Ariquemes,-9.9133,-63.0408,72.23,91,100,0.47,BR,2023-01-18 03:11:55
391,Mandurah,-32.55,115.7,79.88,41,59,5.53,AU,2023-01-18 03:11:57
392,Gornopravdinsk,60.05,69.9,7.88,92,53,6.64,RU,2023-01-18 03:11:58
393,Atocha,-20.9333,-66.2333,48.07,63,21,11.88,BO,2023-01-18 03:11:59
394,Jobabo,20.9692,-76.2994,68.02,74,0,6.22,CU,2023-01-18 03:11:59
395,Khorramabad,33.4878,48.3558,36.52,78,2,4.5,IR,2023-01-18 03:11:59
396,Caxito,-8.5785,13.6643,73.54,95,100,3.13,AO,2023-01-18 03:12:00
397,Dakar,14.6937,-17.4441,79.68,60,98,17.76,SN,2023-01-18 03:12:01
398,Khem Karan,31.1428,74.5667,41.09,51,74,2.59,IN,2023-01-18 03:12:01
399,Gaomi,36.3833,119.7528,35.96,28,0,7.18,CN,2023-01-18 03:12:02
400,Gat,31.61,34.7642,53.4,69,0,5.21,IL,2023-01-18 03:12:03
401,Murdochville,48.9583,-65.5006,29.75,99,100,2.82,CA,2023-01-18 03:12:03
402,Beloha,-25.1667,45.05,71.91,84,2,6.76,MG,2023-01-18 03:07:25
403,Quatre Cocos,-20.2078,57.7625,80.1,83,100,19.77,MU,2023-01-18 03:12:05
404,Walvis Bay,-22.9575,14.5053,69.1,86,100,4.74,NA,2023-01-18 03:12:06
405,Tuatapere,-46.1333,167.6833,71.98,50,0,5.99,NZ,2023-01-18 03:12:06
406,Mayo,38.8876,-76.5119,48.16,89,40,5.75,US,2023-01-18 03:12:07
407,Xichang,27.8964,102.2634,37.08,45,10,2.73,CN,2023-01-18 03:12:07
408,Sainte-Maxime,43.3,6.6333,44.01,64,87,12.55,FR,2023-01-18 03:12:08
409,Isangel,-19.55,169.2667,80.71,83,100,2.3,VU,2023-01-18 03:12:08
410,Mezen,65.8522,44.24,18.43,95,77,9.13,RU,2023-01-18 03:12:09
411,Silifke,36.3778,33.9344,52.09,77,27,2.01,TR,2023-01-18 03:12:10
412,San Jose,37.3394,-121.895,50.76,74,20,6.91,US,2023-01-18 03:09:00
413,Katherine,-14.4667,132.2667,91.72,58,40,10.36,AU,2023-01-18 03:07:48
414,Bijar,35.8668,47.6051,17.13,97,54,2.8,IR,2023-01-18 03:12:11
415,Lashio,22.9333,97.75,63.34,46,0,1.45,MM,2023-01-18 03:08:08
416,Kahului,20.8947,-156.47,80.62,69,40,5.75,US,2023-01-18 03:08:10
417,Pangai,-19.8,-174.35,82.72,78,54,10.92,TO,2023-01-18 03:13:13
418,Chumikan,54.7183,135.315,-24.95,81,58,12.5,RU,2023-01-18 03:13:14
419,Aklavik,68.2191,-135.0107,-19.55,98,100,0.43,CA,2023-01-18 03:13:15
420,Camoapa,12.3839,-85.5116,64.38,90,9,5.37,NI,2023-01-18 03:13:15
421,Vila,42.0304,-8.1588,31.08,94,96,12.84,PT,2023-01-18 03:13:16
422,Baie-Comeau,49.2168,-68.1489,28.08,93,100,4.61,CA,2023-01-18 03:10:35
423,Vredendal,-31.6683,18.5012,68.86,84,99,2.39,ZA,2023-01-18 03:13:17
424,Sindor,62.8629,51.8905,14.14,95,100,5.59,RU,2023-01-18 03:13:17
425,Tabou,4.423,-7.3528,77.43,86,72,5.26,CI,2023-01-18 03:13:18
426,Bella Union,-30.2752,-57.6007,81.25,31,7,7.85,UY,2023-01-18 03:13:18
427,Dharchula,29.85,80.5333,50.49,15,40,4.09,IN,2023-01-18 03:13:19
428,Yumen,40.2833,97.2,12.7,64,1,27.38,CN,2023-01-18 03:13:19
429,Jacobina,-11.1806,-40.5183,67.86,96,100,4.7,BR,2023-01-18 03:13:20
430,Muros,42.7762,-9.0603,45.09,88,86,23.13,ES,2023-01-18 03:13:21
431,Chara,56.9064,118.2631,-26.77,92,99,1.72,RU,2023-01-18 03:13:22
432,Itarsi,22.6167,77.75,54.18,37,3,7.87,IN,2023-01-18 03:13:22
433,Hambantota,6.1241,81.1185,78.44,75,78,17.69,LK,2023-01-18 03:13:23
434,Ugoofaaru,5.6667,73.0,80.69,77,21,14.07,MV,2023-01-18 03:13:23
435,Mufulira,-12.5498,28.2407,58.91,98,90,2.8,ZM,2023-01-18 03:13:24
436,Basco,20.4487,121.9702,73.78,65,100,22.64,PH,2023-01-18 03:13:24
437,Manchester,53.4809,-2.2374,35.24,90,40,4.61,GB,2023-01-18 03:11:08
438,Coihaique,-45.5752,-72.0662,58.95,58,0,3.44,CL,2023-01-18 03:13:25
439,Port Lincoln,-34.7333,135.8667,63.55,61,100,20.27,AU,2023-01-18 03:13:26
440,Itarema,-2.9248,-39.9167,78.64,77,74,12.39,BR,2023-01-18 03:13:26
441,Aksu,41.1231,80.2644,1.38,86,4,5.57,CN,2023-01-18 03:13:26
442,Anadyr,64.75,177.4833,-17.9,69,0,13.42,RU,2023-01-18 03:13:04
443,Salinas,36.6777,-121.6555,50.83,80,0,6.91,US,2023-01-18 03:12:23
444,Tateyama,34.9833,139.8667,49.1,63,85,8.01,JP,2023-01-18 03:13:28
445,Odweyne,9.4092,45.064,61.27,54,73,2.08,SO,2023-01-18 03:13:28
446,Stornoway,58.2093,-6.3865,37.36,84,40,6.91,GB,2023-01-18 03:13:28
447,Shawnee,39.05,-95.7669,39.18,86,0,5.75,US,2023-01-18 03:13:29
448,Sao Goncalo Do Amarante,-3.6072,-38.9683,80.13,91,15,6.4,BR,2023-01-18 03:13:29
449,Sawtell,-30.3833,153.1,84.18,57,24,14.97,AU,2023-01-18 03:13:30
450,Cuernavaca,18.9167,-99.25,69.4,44,100,1.01,MX,2023-01-18 03:13:30
451,Sawakin,19.1059,37.3321,69.13,68,75,12.84,SD,2023-01-18 03:13:31
452,Cooma,-36.2333,149.1333,81.81,40,94,12.15,AU,2023-01-18 03:13:31
453,Kampong Cham,11.9934,105.4635,79.18,54,76,20.54,KH,2023-01-18 03:13:32
454,Cannington,-32.0167,115.95,79.47,35,0,20.71,AU,2023-01-18 03:11:49
455,Can Tho,10.0333,105.7833,76.98,69,40,9.22,VN,2023-01-18 03:09:08
456,Semey,50.4111,80.2275,16.02,79,75,8.95,KZ,2023-01-18 03:13:33
457,Ilhavo,40.5999,-8.6673,48.9,75,99,27.49,PT,2023-01-18 03:13:33
458,Alizai,33.5383,70.3462,41.83,27,100,1.77,PK,2023-01-18 03:13:34
459,Kenai,60.5544,-151.2583,26.65,74,20,4.61,US,2023-01-18 03:13:34
460,Sovetskiy,61.3614,63.5842,3.96,92,60,5.73,RU,2023-01-18 03:13:34
461,Requena,39.4883,-1.1004,39.52,69,91,21.36,ES,2023-01-18 03:13:36
462,Barcelos,41.5388,-8.6151,48.34,77,99,19.48,PT,2023-01-18 03:12:59
463,Mount Isa,-20.7333,139.5,91.17,38,40,12.66,AU,2023-01-18 03:14:37
464,Rivne,50.6231,26.2274,38.16,86,100,12.19,UA,2023-01-18 03:14:38
465,Eureka,40.8021,-124.1637,47.93,89,93,3.74,US,2023-01-18 03:13:52
466,Rivadavia,-33.1905,-68.4608,71.64,65,29,10.45,AR,2023-01-18 03:14:39
467,Hovd,48.0056,91.6419,8.92,49,35,3.69,MN,2023-01-18 03:14:39
468,Kysyl-Syr,63.8986,122.7617,-57.86,99,69,2.33,RU,2023-01-18 03:14:39
469,Znamenka,52.4167,41.4311,23.43,87,100,15.66,RU,2023-01-18 03:14:40
470,Cabedelo,-6.9811,-34.8339,74.07,81,99,10.67,BR,2023-01-18 03:14:40
471,Arman,59.7,150.1667,-10.98,80,98,12.8,RU,2023-01-18 03:14:41
472,Garowe,8.4054,48.4845,65.25,86,27,7.09,SO,2023-01-18 03:14:41
473,Manokwari,-0.8667,134.0833,80.06,79,100,5.59,ID,2023-01-18 03:14:42
474,Marianske Lazne,49.9646,12.7012,31.14,95,100,3.06,CZ,2023-01-18 03:14:42
475,Mosquera,4.7059,-74.2302,51.89,100,20,2.3,CO,2023-01-18 03:14:42
476,Zatoka,46.0725,30.4654,48.07,89,100,27.58,UA,2023-01-18 03:14:43
477,Manta,-0.95,-80.7333,76.78,78,75,8.05,EC,2023-01-18 03:12:35
478,Encheng,22.1839,112.3026,53.96,62,95,9.15,CN,2023-01-18 03:14:45
479,Genhe,50.7833,121.5167,-6.21,93,100,1.72,CN,2023-01-18 03:14:45
480,Fort Nelson,58.8053,-122.7002,0.95,93,100,1.61,CA,2023-01-18 03:14:46
481,Ponnani,10.767,75.9252,72.72,67,1,8.52,IN,2023-01-18 03:14:46
482,Sambava,-14.2667,50.1667,74.53,86,100,13.04,MG,2023-01-18 03:14:47
483,Sarangani,5.4033,125.4636,81.18,78,85,9.84,PH,2023-01-18 03:14:47
484,Cedartown,34.0537,-85.255,55.27,97,70,2.75,US,2023-01-18 03:11:09
485,Riyadh,24.6877,46.7219,48.34,77,80,12.01,SA,2023-01-18 03:10:42
486,Jatai,-17.8814,-51.7144,68.32,81,97,2.77,BR,2023-01-18 03:14:48
487,Andenes,69.3143,16.1194,33.78,69,20,13.8,NO,2023-01-18 03:14:48
488,Warragul,-38.1667,145.9333,64.96,98,100,5.97,AU,2023-01-18 03:14:49
489,Acari,-15.4311,-74.6158,73.4,76,100,2.13,PE,2023-01-18 03:14:49
490,Dicabisagan,17.0818,122.4157,73.85,88,100,11.72,PH,2023-01-18 03:11:28
491,Iralaya,15.0,-83.2333,75.33,80,64,10.09,HN,2023-01-18 03:14:50
492,Tigre,-34.426,-58.5796,82.26,57,5,5.01,AR,2023-01-18 03:14:50
493,Nyrob,60.733,56.7202,11.53,95,100,7.07,RU,2023-01-18 03:14:50
494,San Luis,-33.295,-66.3356,64.56,78,86,14.09,AR,2023-01-18 03:11:29
495,Henties Bay,-22.116,14.2845,67.57,85,85,3.22,NA,2023-01-18 03:14:51
496,Chulman,56.8479,124.9104,-34.01,96,100,1.57,RU,2023-01-18 03:14:52
497,San Policarpo,12.1791,125.5072,80.49,84,100,6.53,PH,2023-01-18 03:14:52
498,Cap Malheureux,-19.9842,57.6142,80.47,73,100,8.99,MU,2023-01-18 03:14:52
499,Adrar,20.5022,-10.0711,64.06,17,100,7.83,MR,2023-01-18 03:14:53
500,Namtsy,62.7161,129.6658,-55.12,96,97,1.95,RU,2023-01-18 03:14:53
501,Kavaratti,10.5669,72.642,80.01,74,51,10.27,IN,2023-01-18 03:14:54
502,Store Heddinge,55.3097,12.3889,37.08,81,26,21.97,DK,2023-01-18 03:14:54
503,Pochutla,15.7432,-96.4661,76.82,84,98,4.14,MX,2023-01-18 03:14:55
504,Koungou,-12.7336,45.2042,80.31,83,20,6.91,YT,2023-01-18 03:14:55
505,Narimanov,46.6927,47.8498,22.91,64,3,8.37,RU,2023-01-18 03:11:13
506,Lucapa,-8.4192,20.7447,60.17,96,82,0.87,AO,2023-01-18 03:14:56
507,Pacific Grove,36.6177,-121.9166,51.66,83,20,5.99,US,2023-01-18 03:14:56
508,Magadan,59.5667,150.8,-11.47,75,100,11.88,RU,2023-01-18 03:15:59
509,Maceo,6.552,-74.7874,63.03,99,45,3.62,CO,2023-01-18 03:15:24
510,Mehamn,71.0357,27.8492,33.75,75,24,12.66,NO,2023-01-18 03:16:00
511,Sokoni,-6.4333,39.55,80.28,74,100,6.24,TZ,2023-01-18 03:16:06
512,Svetlogorsk,52.6333,29.7333,37.69,96,100,9.82,BY,2023-01-18 03:16:07
513,Jacareacanga,-6.2222,-57.7528,70.72,99,100,2.35,BR,2023-01-18 03:16:07
514,Kamwenge,0.1866,30.4539,60.98,72,55,1.66,UG,2023-01-18 03:16:08
515,Road Town,18.4167,-64.6167,77.09,65,0,17.29,VG,2023-01-18 03:14:31
516,Resen,41.0889,21.0122,48.81,79,100,17.09,MK,2023-01-18 03:16:09
517,Khandyga,62.6667,135.6,-52.33,95,100,0.81,RU,2023-01-18 03:16:10
518,Reyes,-14.3167,-67.3833,71.96,99,100,1.72,BO,2023-01-18 03:16:10
519,Cetraro,39.5166,15.9416,56.25,85,78,20.04,IT,2023-01-18 03:16:11
520,Altamira,-3.2033,-52.2064,71.69,98,100,0.78,BR,2023-01-18 03:16:11
521,Pyrzyce,53.1462,14.8926,33.15,85,92,3.36,PL,2023-01-18 03:16:12
522,Srednekolymsk,67.45,153.6833,-37.21,97,100,5.46,RU,2023-01-18 03:16:13
523,Nawabganj,24.5911,88.271,60.57,44,0,5.95,BD,2023-01-18 03:16:13
524,Yabrud,33.9674,36.6574,37.63,74,0,3.02,SY,2023-01-18 03:16:14
525,Esso,55.9333,158.7,4.8,93,100,4.79,RU,2023-01-18 03:16:15
526,Sena Madureira,-9.0656,-68.6569,71.8,95,66,2.26,BR,2023-01-18 03:16:15
527,Imbituba,-28.24,-48.6703,77.86,95,100,7.07,BR,2023-01-18 03:16:17
528,Paraiso,9.8383,-83.8656,64.42,96,90,3.06,CR,2023-01-18 03:12:10
529,Sao Joao Da Barra,-21.6403,-41.0511,74.86,91,1,11.41,BR,2023-01-18 03:16:18
530,Saint-Francois,46.4154,3.9054,33.24,93,100,2.3,FR,2023-01-18 03:16:19
531,Koumac,-20.5667,164.2833,75.13,89,100,9.19,NC,2023-01-18 03:16:19
532,Taperoa,-7.2075,-36.8267,70.54,83,54,10.51,BR,2023-01-18 03:16:20
533,Lagoa,39.05,-27.9833,56.48,69,0,12.19,PT,2023-01-18 03:16:21
534,Banjar,-8.19,114.9675,85.15,71,99,3.06,ID,2023-01-18 03:16:21
535,Gushikawa,26.3544,127.8686,62.19,63,100,11.5,JP,2023-01-18 03:16:22
536,Mashhad,36.297,59.6062,28.54,93,100,0.0,IR,2023-01-18 03:16:23
537,Axim,4.8699,-2.2405,78.26,85,43,5.01,GH,2023-01-18 03:16:23
538,Ostersund,63.1792,14.6357,28.85,100,100,8.05,SE,2023-01-18 03:16:24
539,Alofi,-19.0595,-169.9187,87.69,74,75,8.05,NU,2023-01-18 03:16:24
540,Vanimo,-2.6741,141.3028,85.91,63,100,4.74,PG,2023-01-18 03:16:25
541,Bambanglipuro,-7.95,110.2833,80.82,78,100,5.82,ID,2023-01-18 03:16:26
542,Hede,33.7681,120.2517,40.41,41,5,5.88,CN,2023-01-18 03:16:26
543,Ankazoabo,-22.2833,44.5167,69.39,76,38,4.03,MG,2023-01-18 03:16:27
544,Caruray,10.3094,119.0128,82.53,77,100,6.98,PH,2023-01-18 03:16:27
545,Araguaina,-7.1911,-48.2072,71.91,89,91,3.56,BR,2023-01-18 03:16:28
546,Cuamba,-14.8031,36.5372,68.14,97,100,2.08,MZ,2023-01-18 03:16:28
547,Midland,31.9974,-102.0779,63.27,38,100,10.36,US,2023-01-18 03:16:24
548,Adelanto,34.5828,-117.4092,42.89,70,10,12.68,US,2023-01-18 03:14:04
549,Bone,51.9669,12.1396,32.25,84,100,3.87,DE,2023-01-18 03:16:29
550,Ziparion,36.875,27.2042,59.92,67,20,12.66,GR,2023-01-18 03:16:30
551,Coro,11.4045,-69.6734,74.32,89,31,11.56,VE,2023-01-18 03:16:30
552,Tollose,55.6125,11.7703,35.62,86,73,13.0,DK,2023-01-18 03:16:31
553,Magalia,39.8121,-121.5783,38.95,82,8,6.02,US,2023-01-18 03:16:31
554,Crotone,39.0851,17.1178,59.2,70,17,17.98,IT,2023-01-18 03:17:31
555,Mombetsu,44.3525,143.3525,23.02,68,40,2.3,JP,2023-01-18 03:17:32
556,Katobu,-4.9408,122.5276,86.95,61,78,5.06,ID,2023-01-18 03:17:32
557,Palmer,42.1584,-72.3287,41.25,69,100,3.44,US,2023-01-18 03:17:33
558,Kloulklubed,7.0419,134.2556,84.7,76,100,8.99,PW,2023-01-18 03:17:33
559,Saint Anthony,45.0205,-93.218,35.2,87,100,11.5,US,2023-01-18 03:15:19
560,Porto Santo,33.072,-16.3415,59.38,63,40,18.41,PT,2023-01-18 03:17:34
561,Maarianhamina,60.0973,19.9348,37.26,93,75,14.97,AX,2023-01-18 03:17:34
562,Mogok,22.9167,96.5,66.45,39,0,1.86,MM,2023-01-18 03:17:35
563,Tchibanga,-2.85,11.0333,70.25,96,100,0.72,GA,2023-01-18 03:17:35
564,Ornskoldsvik,63.2909,18.7153,32.95,100,100,11.5,SE,2023-01-18 03:17:36
565,Mountain Home,43.133,-115.6912,33.28,84,0,13.8,US,2023-01-18 03:17:36
566,Labuhan,-6.8844,112.2051,81.59,78,100,4.94,ID,2023-01-18 03:17:37
567,Panaba,21.2833,-88.2667,68.45,79,1,10.11,MX,2023-01-18 03:17:37
568,Marang,5.2056,103.2059,84.96,76,96,10.36,MY,2023-01-18 03:16:05
569,Rabo De Peixe,37.8,-25.5833,53.11,71,20,9.22,PT,2023-01-18 03:17:38
570,Khuzdar,27.7384,66.6434,47.5,37,27,3.24,PK,2023-01-18 03:17:38
571,Muzhi,65.3667,64.6667,6.57,94,98,3.98,RU,2023-01-18 03:17:39
572,Poum,-20.2333,164.0167,75.88,89,100,18.63,NC,2023-01-18 03:17:39
573,Baraya,3.1533,-75.0531,70.16,83,74,5.46,CO,2023-01-18 03:17:39
574,Yeppoon,-23.1333,150.7333,82.18,71,56,19.06,AU,2023-01-18 03:17:40
575,Moerai,-22.4333,-151.3333,79.14,80,6,9.51,PF,2023-01-18 03:17:40
576,Mairi,-11.7114,-40.1489,67.46,95,59,5.01,BR,2023-01-18 03:17:41
577,Carutapera,-1.195,-46.02,74.89,90,99,5.84,BR,2023-01-18 03:17:41
578,Sudislavl,57.8817,41.7083,26.22,94,100,11.27,RU,2023-01-18 03:17:42
579,Andapa,-14.65,49.65,67.3,97,100,3.02,MG,2023-01-18 03:17:42
580,Bose,45.4612,8.0137,33.21,91,26,1.1,IT,2023-01-18 03:17:42
581,Ozark,37.0209,-93.206,54.57,62,100,1.01,US,2023-01-18 03:17:43
582,Hofn,64.2539,-15.2082,24.62,60,0,22.77,IS,2023-01-18 03:17:43
583,Miastko,54.0028,16.9826,31.62,92,94,3.15,PL,2023-01-18 03:17:44
584,Nanortalik,60.1432,-45.2371,26.11,79,100,7.99,GL,2023-01-18 03:17:44
585,Bilibino,68.0546,166.4372,-26.95,97,18,3.51,RU,2023-01-18 03:17:45
586,Khandagayty,50.7333,92.05,9.91,81,32,11.68,RU,2023-01-18 03:17:45
587,Muroto,33.2833,134.15,50.5,69,74,3.0,JP,2023-01-18 03:17:45
588,Uruacu,-14.5247,-49.1408,68.32,92,26,0.94,BR,2023-01-18 03:17:46
589,Akureyri,65.6835,-18.0878,22.93,80,100,10.36,IS,2023-01-18 03:17:46
590,Mulege,26.8833,-111.9833,59.76,56,0,5.21,MX,2023-01-18 03:17:47
591,Ketchikan,55.3422,-131.6461,35.58,93,100,6.91,US,2023-01-18 03:17:47
592,Beyneu,45.3167,55.2,27.59,81,83,10.63,KZ,2023-01-18 03:17:47
593,Oxbow,49.2333,-102.1676,7.47,97,100,4.5,CA,2023-01-18 03:17:48
594,Saint-Gilles,43.6766,4.4302,42.71,81,0,6.91,FR,2023-01-18 03:17:48
595,Magnor,59.9511,12.1996,31.73,98,100,4.32,SE,2023-01-18 03:17:49
596,Udachnyy,66.4167,112.4,-49.56,63,98,4.45,RU,2023-01-18 03:17:49
597,Ola,59.5833,151.2833,-10.86,82,100,12.08,RU,2023-01-18 03:17:50
598,Gamba,-2.65,10.0,76.66,84,96,2.93,GA,2023-01-18 03:17:50
599,Sinnamary,5.3833,-52.95,75.33,82,96,6.31,GF,2023-01-18 03:17:51
600,Mongu,-15.2484,23.1274,64.98,96,100,3.44,ZM,2023-01-18 03:17:51
601,Bima,-8.4667,118.7167,86.09,73,63,1.03,ID,2023-01-18 03:17:52
602,Huilong,31.8111,121.655,40.37,47,0,10.4,CN,2023-01-18 03:17:52
603,Pascagoula,30.3658,-88.5561,66.42,96,100,0.0,US,2023-01-18 03:18:53
604,Stabat,3.761,98.4513,80.8,62,100,1.83,ID,2023-01-18 03:18:53
605,Cheremukhovo,60.3484,59.9851,10.56,93,100,3.22,RU,2023-01-18 03:18:53
606,Norrtalje,59.758,18.705,38.01,83,100,15.01,SE,2023-01-18 03:18:54
607,Oranjemund,-28.55,16.4333,66.76,86,100,3.15,NA,2023-01-18 03:18:54
608,Xining,36.6167,101.7667,10.29,53,80,1.9,CN,2023-01-18 03:18:55
609,Pop,40.8736,71.1089,14.49,63,0,4.43,UZ,2023-01-18 03:18:55
610,Panguipulli,-39.6333,-72.3333,57.49,59,57,2.06,CL,2023-01-18 03:18:56
611,Bo Rai,12.5728,102.5371,84.25,53,24,11.25,TH,2023-01-18 03:18:56
612,The Valley,18.217,-63.0578,77.09,78,10,18.28,AI,2023-01-18 03:18:56
613,Manadhoo,5.7667,73.3833,80.71,76,11,14.07,MV,2023-01-18 03:18:57
614,College,64.8569,-147.8028,-5.93,81,0,4.61,US,2023-01-18 03:18:57
615,Peniche,39.3558,-9.3811,51.57,77,99,33.62,PT,2023-01-18 03:18:58
616,Sur,22.5667,59.5289,67.95,62,5,6.93,OM,2023-01-18 03:18:58
617,Msanga,-6.05,36.0333,63.97,89,100,3.24,TZ,2023-01-18 03:18:58
618,Yermakovskoye,53.2831,92.4003,9.28,94,100,4.59,RU,2023-01-18 03:18:59
619,Mainburg,48.65,11.7833,30.76,93,100,1.14,DE,2023-01-18 03:18:59
620,Makkaveyevo,51.7533,113.9454,4.41,81,95,10.38,RU,2023-01-18 03:19:00
621,Korla,41.7597,86.1469,6.35,86,6,0.58,CN,2023-01-18 03:19:00
622,Khorixas,-20.3667,14.9667,69.57,74,100,5.37,NA,2023-01-18 03:19:01
623,Looc,12.2605,121.9926,81.32,80,100,13.24,PH,2023-01-18 03:19:01
624,Tabas,33.5959,56.9244,42.26,76,100,4.36,IR,2023-01-18 03:19:02
625,Zhigansk,66.7697,123.3711,-52.89,96,86,4.65,RU,2023-01-18 03:19:02
626,Talara,-4.5772,-81.2719,70.66,81,99,10.16,PE,2023-01-18 03:19:03
627,Marsaxlokk,35.8419,14.5431,62.08,67,5,14.97,MT,2023-01-18 03:19:04
628,Seguela,7.9611,-6.6731,70.43,22,5,2.75,CI,2023-01-18 03:19:04
629,Jalakandapuram,11.6978,77.873,70.05,72,26,4.18,IN,2023-01-18 03:19:05
630,Petropavlovsk-Kamchatskiy,53.0452,158.6483,12.79,48,0,15.66,RU,2023-01-18 03:19:05
631,Jucuaran,13.2539,-88.2478,61.47,97,33,2.93,SV,2023-01-18 03:19:06
632,Natal,-5.795,-35.2094,74.05,94,0,4.61,BR,2023-01-18 03:19:06
633,Muisne,0.6,-80.0333,75.76,85,100,7.76,EC,2023-01-18 03:19:07
634,Kalmunai,7.4167,81.8167,78.6,74,64,10.98,LK,2023-01-18 03:19:08
635,Chicama,-7.8447,-79.1469,66.74,71,34,3.29,PE,2023-01-18 03:19:08
636,Mozarlandia,-14.7447,-50.5706,70.74,89,1,3.44,BR,2023-01-18 03:19:09
637,Cap-Aux-Meules,47.3821,-61.8597,33.85,100,100,12.66,CA,2023-01-18 03:19:10
638,Reconquista,-29.15,-59.65,82.44,33,0,7.47,AR,2023-01-18 03:19:10
639,Joshimath,30.5667,79.5667,40.19,26,89,5.46,IN,2023-01-18 03:19:11
640,Kemijarvi,66.7131,27.4306,25.95,88,100,10.22,FI,2023-01-18 03:19:11
641,Kathu,7.9178,98.3332,84.02,70,83,10.96,TH,2023-01-18 03:19:12
642,Karratha,-20.7377,116.8463,87.44,57,47,11.52,AU,2023-01-18 03:19:13
643,Meulaboh,4.1363,96.1285,78.13,64,100,3.76,ID,2023-01-18 03:19:13
644,Belmonte,-15.8631,-38.8828,75.13,88,3,4.52,BR,2023-01-18 03:19:14
645,Ordzhonikidze,52.4411,61.7408,-8.07,78,0,5.28,KZ,2023-01-18 03:19:14
646,Beaverlodge,55.2166,-119.4361,11.21,97,46,1.81,CA,2023-01-18 03:15:17
647,Praia,14.9215,-23.5087,72.14,78,0,20.71,CV,2023-01-18 03:19:15
648,Vittoria,36.9537,14.5332,57.06,84,40,3.44,IT,2023-01-18 03:19:15
649,Tashtagol,52.7657,87.8894,12.15,95,100,7.07,RU,2023-01-18 03:20:16
650,Kalino,58.2504,57.6085,5.43,93,100,4.65,RU,2023-01-18 03:20:19
651,Iquitos,-3.7481,-73.2472,75.24,88,100,2.3,PE,2023-01-18 03:20:19
652,Surgut,61.25,73.4167,3.38,77,0,8.99,RU,2023-01-18 03:18:51
653,Bandarbeyla,9.4942,50.8122,74.08,76,40,13.71,SO,2023-01-18 03:20:21
654,Cananeia,-25.0147,-47.9267,75.52,91,100,1.32,BR,2023-01-18 03:20:22
655,Bilma,18.6853,12.9164,59.31,26,5,7.56,NE,2023-01-18 03:20:23
656,Salalah,17.0151,54.0924,71.69,73,40,4.61,OM,2023-01-18 03:20:25
657,Cianjur,-6.8224,107.1393,81.73,69,87,2.21,ID,2023-01-18 03:20:26
658,Palmira,3.5394,-76.3036,69.28,83,40,8.05,CO,2023-01-18 03:20:27
659,Srbobran,45.5539,19.8028,51.67,83,100,14.47,RS,2023-01-18 03:20:28
660,Tomatlan,19.9333,-105.25,61.54,92,99,2.19,MX,2023-01-18 03:20:28
661,Barra Do Garcas,-15.89,-52.2567,70.86,93,22,1.66,BR,2023-01-18 03:20:29
662,Grand Gaube,-20.0064,57.6608,80.38,73,100,8.99,MU,2023-01-18 03:20:29
663,Tucuman,-26.8241,-65.2226,77.0,69,79,8.05,AR,2023-01-18 03:20:16
664,Whitianga,-36.8333,175.7,66.58,67,91,10.22,NZ,2023-01-18 03:20:30
665,Ylojarvi,61.5563,23.5961,32.63,100,100,10.36,FI,2023-01-18 03:20:31
666,Joetsu,37.1483,138.2364,40.1,93,99,8.68,JP,2023-01-18 03:20:32
667,Havre,49.5833,0.3333,37.17,65,75,10.36,FR,2023-01-18 03:20:32
668,Alugan,12.2188,125.4808,80.19,85,100,6.29,PH,2023-01-18 03:20:32
669,Berlevag,70.8578,29.0864,33.8,74,16,16.11,NO,2023-01-18 03:20:33
670,Antalaha,-14.9003,50.2788,73.53,90,100,9.26,MG,2023-01-18 03:20:34
671,Wellington,-41.2866,174.7756,77.58,64,40,13.8,NZ,2023-01-18 03:19:04
672,Matara,5.9485,80.5353,78.03,71,80,10.02,LK,2023-01-18 03:20:34
673,Kapuskasing,49.4169,-82.4331,24.89,93,100,9.22,CA,2023-01-18 03:20:35
674,Auning,56.4308,10.3782,35.78,97,16,8.99,DK,2023-01-18 03:20:35
675,North Bend,43.4065,-124.2243,47.16,96,100,6.91,US,2023-01-18 03:20:36
676,Manado,1.487,124.8455,88.57,70,40,4.61,ID,2023-01-18 03:20:36
677,Kamskoye Ustye,55.2016,49.268,14.0,95,85,8.81,RU,2023-01-18 03:20:37
678,Hami,42.8,93.45,15.44,45,1,0.72,CN,2023-01-18 03:20:37
